Model,Configuration,Sparsity (%),Accuracy (%),Parameters,Size (MB),Param Reduction (%),Size Reduction (%)
SimpleCNN,Original,0.0,80.39618171618793,620096,2.36993408203125,0.0,0.0
SimpleCNN,Pruned 20%,20.0,78.37364824139776,496122,2.36993408203125,19.992710806068736,0.0
SimpleCNN,Pruned 50%,50.0,75.74849680583247,310160,2.36993408203125,49.981938280524304,0.0
SimpleCNN,Pruned 80%,80.0,73.74577053310878,124198,2.36993408203125,79.97116575497988,0.0
ResNetSmall,Original,0.0,80.80030743908003,2775424,10.613189697265625,0.0,0.0
ResNetSmall,Pruned 20%,20.0,79.12703387341973,2220787,10.613189697265625,19.983865528294057,0.0
ResNetSmall,Pruned 50%,50.0,75.72711619412419,1388832,10.613189697265625,49.95964580546972,0.0
ResNetSmall,Pruned 80%,80.0,71.47997285904097,556877,10.613189697265625,79.93542608264539,0.0
