{
  "simple_cnn": {
    "original": {
      "model_name": "simple_cnn-original",
      "accuracy": 8.0,
      "total_params": 620810,
      "nonzero_params": 620096,
      "sparsity": 0.0011501103397174584,
      "model_size_mb": 2.36993408203125,
      "inference_time_batch1": {
        "mean_ms": 14.345187089638785,
        "std_ms": 1.559332498118782,
        "min_ms": 11.378249997505918,
        "max_ms": 19.776792003540322,
        "batch_size": 32
      },
      "inference_time_batch16": {
        "mean_ms": 9.237894579709973,
        "std_ms": 1.7734326011616262,
        "min_ms": 6.64108399359975,
        "max_ms": 14.219290998880751,
        "batch_size": 16
      }
    },
    "pruned_20%": {
      "before_fine_tuning": {
        "model_name": "simple_cnn-pruned-20%-before-ft",
        "accuracy": 8.0,
        "total_params": 620810,
        "nonzero_params": 496122,
        "sparsity": 0.20084728016623443,
        "model_size_mb": 2.36993408203125,
        "inference_time_batch1": {
          "mean_ms": 12.855337919754675,
          "std_ms": 1.5066197285091643,
          "min_ms": 10.486999999557156,
          "max_ms": 16.991000004054513,
          "batch_size": 32
        },
        "inference_time_batch16": {
          "mean_ms": 8.611672080369317,
          "std_ms": 0.7707789820449832,
          "min_ms": 7.711541999015026,
          "max_ms": 11.435000000346918,
          "batch_size": 16
        }
      },
      "after_fine_tuning": {
        "model_name": "simple_cnn-pruned-20%-after-ft",
        "accuracy": 58.0,
        "total_params": 620810,
        "nonzero_params": 620810,
        "sparsity": 0.0,
        "model_size_mb": 2.36993408203125,
        "inference_time_batch1": {
          "mean_ms": 19.26574627010268,
          "std_ms": 6.734743713091425,
          "min_ms": 13.976041998830624,
          "max_ms": 76.82075000047917,
          "batch_size": 32
        },
        "inference_time_batch16": {
          "mean_ms": 7.026164619310293,
          "std_ms": 0.3245815484850418,
          "min_ms": 6.544457995914854,
          "max_ms": 7.958166999742389,
          "batch_size": 16
        }
      },
      "fine_tuning_history": {
        "train_loss": [
          2.23623505115509,
          1.9967083406448365,
          1.764306583404541,
          1.6235870003700257,
          1.50573303937912,
          1.4157346844673158,
          1.3244197976589203,
          1.2771511125564574,
          1.2496218609809875,
          1.1769396901130675
        ],
        "train_acc": [
          21.28060263653484,
          35.530445699937225,
          40.42686754551161,
          45.26051475204017,
          49.0269930947897,
          52.416823603264284,
          54.048964218455744,
          56.434400502197114,
          57.37602008788449,
          58.75706214689266
        ],
        "val_loss": [
          0.0,
          0.0,
          0.0,
          0.0,
          0.0,
          0.0,
          0.0,
          0.0,
          0.0,
          0.0
        ],
        "val_acc": [
          0.0,
          0.0,
          0.0,
          0.0,
          0.0,
          0.0,
          0.0,
          0.0,
          0.0,
          0.0
        ]
      }
    },
    "pruned_50%": {
      "before_fine_tuning": {
        "model_name": "simple_cnn-pruned-50%-before-ft",
        "accuracy": 8.0,
        "total_params": 620810,
        "nonzero_params": 310160,
        "sparsity": 0.500394645704805,
        "model_size_mb": 2.36993408203125,
        "inference_time_batch1": {
          "mean_ms": 13.332107470050687,
          "std_ms": 1.6220173532481441,
          "min_ms": 10.790833002829459,
          "max_ms": 20.074250001925975,
          "batch_size": 32
        },
        "inference_time_batch16": {
          "mean_ms": 8.54355456023768,
          "std_ms": 0.6418023700919023,
          "min_ms": 6.941915999050252,
          "max_ms": 11.450625002908055,
          "batch_size": 16
        }
      },
      "after_fine_tuning": {
        "model_name": "simple_cnn-pruned-50%-after-ft",
        "accuracy": 62.0,
        "total_params": 620810,
        "nonzero_params": 620775,
        "sparsity": 5.637795782931221e-05,
        "model_size_mb": 2.36993408203125,
        "inference_time_batch1": {
          "mean_ms": 12.97662626930105,
          "std_ms": 1.8402864102257328,
          "min_ms": 10.27116699697217,
          "max_ms": 17.946791005670093,
          "batch_size": 32
        },
        "inference_time_batch16": {
          "mean_ms": 7.967546180516365,
          "std_ms": 0.5672909709804388,
          "min_ms": 6.502917000034358,
          "max_ms": 10.409082999103703,
          "batch_size": 16
        }
      },
      "fine_tuning_history": {
        "train_loss": [
          2.242318720817566,
          1.9986083722114563,
          1.7804730939865112,
          1.6275581860542296,
          1.5390658855438233,
          1.4412677955627442,
          1.341825020313263,
          1.2966236281394958,
          1.2270799815654754,
          1.1894929122924804
        ],
        "train_acc": [
          22.53609541745135,
          32.83113622096673,
          39.35969868173258,
          44.44444444444444,
          46.57878217200251,
          51.663527934714374,
          53.92341494036409,
          55.1789077212806,
          56.87382297551789,
          58.81983678593848
        ],
        "val_loss": [
          0.0,
          0.0,
          0.0,
          0.0,
          0.0,
          0.0,
          0.0,
          0.0,
          0.0,
          0.0
        ],
        "val_acc": [
          0.0,
          0.0,
          0.0,
          0.0,
          0.0,
          0.0,
          0.0,
          0.0,
          0.0,
          0.0
        ]
      }
    },
    "pruned_80%": {
      "before_fine_tuning": {
        "model_name": "simple_cnn-pruned-80%-before-ft",
        "accuracy": 10.0,
        "total_params": 620810,
        "nonzero_params": 124198,
        "sparsity": 0.7999420112433756,
        "model_size_mb": 2.36993408203125,
        "inference_time_batch1": {
          "mean_ms": 12.089075819822028,
          "std_ms": 0.8767452687131465,
          "min_ms": 10.479249998752493,
          "max_ms": 17.208208002557512,
          "batch_size": 32
        },
        "inference_time_batch16": {
          "mean_ms": 7.192556660374976,
          "std_ms": 0.679451685088555,
          "min_ms": 6.3955000005080365,
          "max_ms": 9.660750001785345,
          "batch_size": 16
        }
      },
      "after_fine_tuning": {
        "model_name": "simple_cnn-pruned-80%-after-ft",
        "accuracy": 60.0,
        "total_params": 620810,
        "nonzero_params": 620423,
        "sparsity": 0.000623379133712354,
        "model_size_mb": 2.36993408203125,
        "inference_time_batch1": {
          "mean_ms": 13.697390440283925,
          "std_ms": 2.256859549683038,
          "min_ms": 10.888582997722551,
          "max_ms": 27.124457999889273,
          "batch_size": 32
        },
        "inference_time_batch16": {
          "mean_ms": 7.234487530004117,
          "std_ms": 0.6135502328139278,
          "min_ms": 6.337457998597529,
          "max_ms": 8.576207997975871,
          "batch_size": 16
        }
      },
      "fine_tuning_history": {
        "train_loss": [
          2.2534203052520754,
          2.013870439529419,
          1.772693362236023,
          1.6474056363105773,
          1.5391256761550904,
          1.4649746537208557,
          1.3888450813293458,
          1.331640318632126,
          1.2883148097991943,
          1.2448598372936248
        ],
        "train_acc": [
          23.854362837413685,
          33.145009416195855,
          40.67796610169491,
          40.301318267419965,
          47.7715003138732,
          48.46202134337727,
          51.53797865662273,
          52.919020715630886,
          54.80225988700565,
          55.80665411173886
        ],