Model,Configuration,Sparsity (%),Accuracy (%),Parameters,Size (MB),Inference Time (ms),Speedup
simple_cnn,Original,0.0,8.0,620096,2.36993408203125,14.345187089638785,1.0
simple_cnn,Pruned 20%,20.0,58.0,620810,2.36993408203125,19.26574627010268,0.7445954539482434
simple_cnn,Pruned 50%,50.0,62.0,620775,2.36993408203125,12.97662626930105,1.1054635304998615
simple_cnn,Pruned 80%,80.0,60.0,620423,2.36993408203125,13.697390440283925,1.0472934353575623
resnet_small,Original,0.0,6.0,2775424,10.613189697265625,131.55076000039116,1.0
resnet_small,Pruned 20%,20.0,60.0,2777674,10.613189697265625,145.6695858600142,0.9030763643881643
resnet_small,Pruned 50%,50.0,64.0,2777674,10.613189697265625,191.05398418010736,0.6885528222032665
resnet_small,Pruned 80%,80.0,58.0,2777674,10.613189697265625,140.385931260098,0.937065123403729
